{
  "id": "coriolis-combat-reloaded",
  "title": "Coriolis: Combat Reloaded",
  "description": "Enhances the Coriolis combat system by replacing Armor Rating with Armor Penetration (AP) and Damage Reduction (DR).",
  "version": "0.3.0",
  "compatibility": {
    "minimum": "12",
    "verified": "13",
    "maximum": "13"
  },
  "authors": [
    {
      "name": "Your Name",
      "url": "https://github.com/yourusername"
    }
  ],
  "esmodules": [
    "scripts/main.js"
  ],
  "styles": [
    "styles/combat-reloaded.css"
  ],
  "languages": [
    {
      "lang": "en",
      "name": "English",
      "path": "languages/en.json"
    }
  ],
  "relationships": {
    "systems": [
      {
        "id": "yzecoriolis",
        "type": "system",
        "compatibility": {
          "minimum": "3.0.0",
          "verified": "4.0.0"
        }
      }
    ]
  },
  "url": "https://github.com/yourusername/coriolis-combat-reloaded",
  "manifest": "https://raw.githubusercontent.com/yourusername/coriolis-combat-reloaded/main/module.json",
  "download": "https://github.com/yourusername/coriolis-combat-reloaded/releases/download/v0.3.1/coriolis-combat-reloaded.zip"
}